Variant,Ra,Rb,Rd,Rg,a0s,gms,hmin,mmin,q10,qa,qd,qg,qinf,sh,smax,tha,thi1,thi2,thinf,vhalfs,vvh,vvs,zetas,ar2
WT,0.239333323,0.092508121,0.023204006,0.015604498,0.00052263,0.144185752,0.008449936,0.011930164,2.153285999,5.41,0.661199851,1.296819348,5.759365365,8.35855845,3.55579322,-33.85006488,-62.40165438,-79.65560838,-47.81942056,-40.89976481,-55.33213046,1.425547995,13.40361576,1
R119I,0.199532171,0.093651422,0.020221664,0.011160653,0.0000775,0.141628828,0.011878279,0.023786826,1.754225085,3.280987309,0.903557302,2.143809019,6.395106295,9.105934855,5.639128038,-37.02587345,-78.89860359,-64.49898876,-53.10493639,-63.65257345,-44.61452002,1.617225698,14.34245165,1
L181F,0.338071492,0.090131363,0.025712395,0.018542777,0.000340404,0.12592059,0.008013392,0.008226791,2.289601426,5.835550042,0.805834382,0.669352295,5.76032912,8.886047186,5.973324569,-24.15545131,-60.48847752,-77.41692349,-40.11498496,-33.73363659,-53.18424932,0.767252371,13.41913087,1
D195G,0.147164034,0.081890977,0.0239925,0.012659027,0.000384717,0.253045635,0.014831391,0.022865417,1.550994317,4.445110968,0.559215738,1.961046874,5.907235981,9.350513767,11.20875835,-31.67360447,-74.28715642,-69.68248598,-52.61366657,-27.77112414,-56.41288187,0.439082634,14.8737157,1
A215E,0.182477778,0.074139273,0.024146954,0.004456589,0.0000691,0.154414155,0.009581108,0.021389706,2.044611836,6.144545395,0.940153626,1.283719332,5.905542306,9.438487116,13.67995658,-43.35540508,-63.54613827,-68.32981629,-59.96148348,-61.40308297,-30.15854948,1.759329912,12.20905457,1
A215T,0.338071492,0.090131363,0.025712395,0.018542777,0.000340404,0.12592059,0.008013392,0.008226791,2.289601426,5.835550042,0.805834382,0.669352295,5.76032912,8.886047186,5.973324569,-24.15545131,-60.48847752,-77.41692349,-40.11498496,-33.73363659,-53.18424932,0.767252371,13.41913087,1
A263E,0.184587314,0.133621542,0.029393288,0.019060195,0.000460159,0.211063656,0.009795187,0.001668272,1.07289033,4.050918153,0.742053797,2.913767078,5.495403253,8.480260626,11.03847692,-31.42625721,-78.80199777,-78.02201865,-39.94280978,-21.45493838,-47.37098592,2.803251338,7.014991615,1
A263V,0.124592254,0.058138141,0.021359329,0.014784429,0.000586493,0.119234611,0.003684407,0.010998672,2.42479209,5.688041081,0.405986092,1.541997919,9.328380389,8.68482747,3.369139074,-31.64456494,-42.40240268,-60.01263753,-59.00797168,-26.78604945,-56.81089954,1.341492143,11.77982877,1
D343H,0.167193641,0.071419285,0.020054392,0.016748878,0.000239118,0.191215832,0.006737987,0.027664391,2.647183385,6.104998406,0.909311036,0.740013454,5.80593529,8.579381333,5.527160377,-25.70988019,-53.33785846,-65.55806126,-40.10488705,-50.03263381,-54.38957412,0.213189889,13.7865601,1
Y428C,0.272798313,0.057308997,0.022927922,0.018980272,0.000379668,0.007950089,0.00735816,0.014028094,2.462607994,4.653564715,0.708447462,0.799587264,7.410678633,8.227610301,0.619504274,-32.1051293,-61.01089735,-79.49108192,-56.06581291,-50.99392499,-58.17806561,0.847234882,12.95538558,1
Y428F,0.338071492,0.090131363,0.025712395,0.018542777,0.000340404,0.12592059,0.008013392,0.008226791,2.289601426,5.835550042,0.805834382,0.669352295,5.76032912,8.886047186,5.973324569,-24.15545131,-60.48847752,-77.41692349,-40.11498496,-33.73363659,-53.18424932,0.767252371,13.41913087,1
E430A,0.329372073,0.06985076,0.026677508,0.018380855,0.0000975,0.108533458,0.004829425,0.00410989,1.337395593,6.919180092,0.460770166,0.78741304,5.729977254,8.681613515,7.299250833,-24.11322571,-58.80338297,-79.71225134,-40.45470673,-32.10709725,-59.81257464,1.276502873,14.25086758,1
G822S,0.147985979,0.050333601,0.018361046,0.014448008,0.000400346,0.102079771,0.008402296,0.016405019,1.649866595,5.037747778,0.99498303,1.105371554,5.678352387,7.757683034,4.898902737,-26.13996706,-62.41916714,-76.49640158,-40.23558224,-56.33022537,-51.70951151,1.083119513,13.98791154,1
S834N,0.248262456,0.096744463,0.025385571,0.01715793,0.000000353,0.007310413,0.012589229,0.020193852,1.337354253,4.71514559,0.138764086,0.195096903,6.992228903,9.467952255,5.669597388,-34.859589,-59.84445592,-65.36867295,-53.96151282,-29.75552385,-57.17676562,2.998355629,14.34983369,1
R853Q,0.2017287,0.04163588,0.022399173,0.010871048,0.000570254,0.187654132,0.010266295,0.010301696,1.933635054,6.910564716,0.750095332,0.662746569,6.280538581,7.619946548,3.765586592,-29.73439365,-59.21244255,-79.69358716,-54.26987344,-21.85810289,-48.26104807,1.665422694,12.33143752,1
G879R,0.245236537,0.095296792,0.027662593,0.017881745,0.000505373,0.233946943,0.006948468,0.014880348,2.026646277,5.38801691,0.549030753,0.472265904,5.660450431,8.171932282,0.332019628,-26.06718094,-60.47645251,-70.85805783,-40.09051694,-31.21342387,-51.93662748,0.294482594,14.60197661,1
A880S,0.29871487,0.067154762,0.024983851,0.012649103,0.000399005,0.035363583,0.011111936,0.005072603,2.719286644,6.003191779,0.611059132,2.708465529,5.973984857,9.399418145,11.25336497,-22.8991359,-49.17584807,-69.28285629,-40.12284003,-69.75795867,-59.17710332,2.872332322,13.28103501,1
L881P,0.106419339,0.141334861,0.028890184,0.010322155,0.000577783,0.057150032,0.012813924,0.018395743,1.730609609,3.993838128,0.894340798,1.307940181,5.709079464,9.643612238,14.25914095,-34.65123293,-72.98177306,-42.67970859,-39.89798976,-45.59297907,-50.53683861,2.012266809,11.30830432,1
G882E,0.096785504,0.113444016,0.021758633,0.015502541,0.000138554,0.176225115,0.01021686,0.001219441,2.07940039,4.741712374,0.432684478,0.885145547,5.424617341,9.166568199,1.605477568,-32.88638496,-69.46647023,-66.58443678,-39.72763138,-18.62653408,-54.13858358,0.002929681,13.60469105,1
F928S,0.131850557,0.138527394,0.016917203,0.019587515,0.00056594,0.04304841,0.001898876,0.01246738,1.99417101,5.894651367,0.658017701,0.129537623,6.658434944,8.92797208,0.634745695,-36.87558309,-60.83867382,-63.69253728,-48.65064419,-66.18852742,-50.45922142,0.762129429,5.920024585,1
R937C,0.144580704,0.125497305,0.028816267,0.01192486,0.000170341,0.27813114,0.001700119,0.01355872,1.637745398,5.365772681,0.59423763,0.272004387,5.668636956,8.652697739,5.90895313,-30.50439164,-62.05430035,-74.86030908,-39.92937793,-10.13441359,-58.79096455,0.419686008,10.90117767,1
M951R,0.135532379,0.108643154,0.02747951,0.005547885,0.000218486,0.092112287,0.005630152,0.009378065,1.920374462,4.39617454,0.676571101,0.996946873,5.690374936,5.228078511,7.246684255,-28.09875267,-70.54602889,-52.84104983,-40.1692654,-57.48115968,-35.06559732,0.409430189,5.441271959,1
M965R,0.195132889,0.119232049,0.028078728,0.016232127,0.000429359,0.131160344,0.004001377,0.022403124,1.067913481,4.233862284,0.75497079,0.477849121,5.63992834,5.934112191,6.991527737,-33.35552217,-59.87986191,-58.75863994,-47.6346274,-38.77378722,-30.99436424,1.566103831,13.129905,1
F978L,0.145967091,0.181729148,0.026592803,0.016307394,0.000254335,0.275519279,0.017654482,0.005905192,1.001896514,4.241546489,0.398638962,1.63026143,5.942780692,5.716642884,3.694973601,-29.63959563,-79.80032782,-41.80750449,-39.91790532,-33.16168624,-34.82866656,1.810122486,9.332028833,1
E1133D,0.236683493,0.051907665,0.023976623,0.013725012,0.000408201,0.003145781,0.000686206,0.017405358,2.762639594,5.129474308,0.664832697,0.972699,4.981242475,9.404454937,2.96941377,-33.95628232,-64.35836245,-57.23389172,-47.39950753,-38.87105254,-58.31086079,0.140992185,13.55454417,1
E1211K,0.15040304,0.152124486,0.020222564,0.017622988,0.000366726,0.112895287,0.015103045,0.016799798,1.787518525,5.186786431,0.94970204,2.578465051,7.174371808,9.343679204,12.61414057,-35.13761486,-79.53298044,-36.28962506,-53.23667528,-23.55387267,-40.03307375,1.092182652,4.669785868,1
C1275R,0.223255489,0.143801719,0.025187245,0.019989561,0.000336235,0.012456295,0.007109129,0.025309302,1.471926602,5.500762755,0.788619022,0.427255456,8.54742376,9.360315774,6.289118328,-33.76756904,-62.99161832,-77.1878484,-55.14570064,-55.86222917,-47.63945664,0.476877751,3.958109086,1
R1315G,0.092541818,0.192639165,0.023720987,0.010576668,0.000378669,0.108201404,0.019052233,0.018072544,1.363505039,4.817319672,0.908327268,0.670324927,5.580467483,7.978965826,10.07537754,-33.96860334,-73.79031347,-41.60505444,-40.13411123,-28.95620105,-30.34172962,2.678968345,12.23640023,1
I1334T,0.128136597,0.05904439,0.016267393,0.011209369,0.000196199,0.060967194,0.002090245,0.013500694,2.509860561,4.403815324,0.524391053,0.293314448,5.924188095,9.793035072,12.85264721,-25.04465634,-70.95561249,-77.25766471,-43.94548199,-37.93705312,-38.09270786,0.161879927,11.32577936,1
F1375V,0.15245067,0.075399052,0.014890566,0.019243406,0.000153529,0.228678787,0.003734138,0.023589119,1.970947757,6.761076601,0.839485226,2.149973299,6.755321106,8.687030817,0.376935794,-35.16123134,-68.32530466,-53.81880824,-54.04545833,-10.51601911,-57.64536111,0.825203947,3.861636357,1
K1422E,0.163033616,0.094084697,0.022952477,0.018019093,0.00039962,0.162550386,0.011076155,0.013193168,2.327610417,4.692153361,0.976747805,0.177778749,7.637039879,6.742222285,6.093519254,-34.10278447,-61.11625354,-68.11865315,-56.56774662,-15.8471539,-56.60620997,0.136273146,9.380664853,1
I1473K,0.11658991,0.119939322,0.019565684,0.019989408,0.0000889,0.182853953,0.003219723,0.006344324,1.59080363,5.483712429,0.832754423,1.211862132,5.682181419,8.710491239,13.08519692,-31.74813396,-76.35118756,-27.07439242,-40.03803901,-52.6541962,-47.7685363,2.830165431,9.040615152,1
M1490V,0.338071492,0.090131363,0.025712395,0.018542777,0.000340404,0.12592059,0.008013392,0.008226791,2.289601426,5.835550042,0.805834382,0.669352295,5.76032912,8.886047186,5.973324569,-24.15545131,-60.48847752,-77.41692349,-40.11498496,-33.73363659,-53.18424932,0.767252371,13.41913087,1
F1590S,0.160410359,0.087324773,0.022498082,0.014459445,0.000474158,0.132080677,0.014382924,0.019851391,1.579773327,3.03026522,0.868808004,0.532882281,7.72922619,7.516264788,5.935554719,-35.89623985,-67.39954146,-79.21676273,-60.74158206,-36.01816656,-49.6903357,0.798911766,10.18343586,1
R1626Q,0.187821332,0.092438991,0.015705999,0.01283789,0.000552848,0.00015656,0.010891952,0.013354397,1.93464283,6.731860578,0.957482272,0.141653808,5.807768656,9.558167649,8.807898092,-25.94699376,-52.7158069,-53.19560127,-35.66045499,-50.27847191,-58.94611448,1.282130687,14.92653651,1
R1629H,0.112387258,0.088883201,0.016287045,0.009161635,0.000245715,0.190925542,0.000205933,0.012800049,1.550905935,6.371842333,0.841980977,0.018007937,6.471473691,8.941723903,6.168197438,-28.7123631,-56.03289839,-32.61284874,-40.11486697,-13.08703802,-55.91622279,0.395166375,14.61094555,1
L1650P,0.126273318,0.14711339,0.025084892,0.010400332,0.000507369,0.275216154,0.014631451,0.021497714,2.692857737,4.808044315,0.600445353,1.798902715,5.706049007,5.481536795,8.737682743,-29.65091659,-78.25626581,-37.69385721,-40.23972973,-41.67829887,-58.17664279,1.409748427,2.646790791,1
N1662D,0.134433092,0.155030258,0.024834614,0.00722976,0.00035258,0.271550998,0.006948753,0.029020307,2.300790044,4.981107977,0.07448775,1.744064258,5.77155198,9.889257151,11.18145426,-33.55088639,-75.09290126,-45.72023275,-39.8644048,-13.49563818,-48.43204158,0.338345759,3.475925659,1
L1666F,0.29639082,0.066606577,0.029328933,0.009402252,0.000536925,0.035911355,0.000221801,0.02567389,1.838015119,4.447282359,0.425292445,0.452681772,7.646851923,5.931492583,10.96595337,-27.36531605,-64.40453861,-74.16911097,-60.36491795,-26.51611766,-55.43607758,0.843268281,5.661903306,1
S1758R,0.146773077,0.115606901,0.026204429,0.01608416,0.000351664,0.056608612,0.011907019,0.017003472,2.551519909,4.459007086,0.904101777,1.399782554,5.697520515,7.232663589,1.54168741,-30.28527489,-75.45178366,-61.41536907,-39.89183169,-47.03352772,-48.81283366,0.978990909,14.75670452,1
Y1771H,0.126551205,0.119573484,0.026322069,0.010120522,0.000381117,0.134257225,0.017551103,0.022764866,2.651255148,3.442915075,0.058559121,0.999171825,5.596463978,9.236605021,6.751904061,-32.96374431,-77.23196496,-79.97873869,-39.73996859,-10.11906337,-55.37710491,0.912942048,12.13160534,1
S1780I,0.34059093,0.16380743,0.029769277,0.019606243,0.000567952,0.213694478,0.010396097,0.014207391,1.998886999,6.430043154,0.980290351,0.001898216,5.835172364,8.314808225,3.018151638,-24.78231821,-53.81070026,-72.24205159,-34.87718876,-33.00656868,-42.213878,0.443453094,10.00835221,1
R19K,0.338071492,0.090131363,0.025712395,0.018542777,0.000340404,0.12592059,0.008013392,0.008226791,2.289601426,5.835550042,0.805834382,0.669352295,5.76032912,8.886047186,5.973324569,-24.15545131,-60.48847752,-77.41692349,-40.11498496,-33.73363659,-53.18424932,0.767252371,13.41913087,1
G211D,0.338071492,0.090131363,0.025712395,0.018542777,0.000340404,0.12592059,0.008013392,0.008226791,2.289601426,5.835550042,0.805834382,0.669352295,5.76032912,8.886047186,5.973324569,-24.15545131,-60.48847752,-77.41692349,-40.11498496,-33.73363659,-53.18424932,0.767252371,13.41913087,1
R571H,0.317023917,0.199924584,0.028121735,0.018327532,0.00000406,0.195078512,0.015891409,0.020278784,2.402297241,6.953658617,0.510209727,0.563843891,7.328520852,8.065303312,3.741262885,-25.63742757,-52.7863069,-40.68328786,-39.98699271,-19.26368746,-59.29150837,1.824758219,9.598689662,1
R853Q_b1b2,0.257070085,0.072233217,0.024161463,0.016928572,0.000127291,0.254916844,0.011469752,0.021945248,2.218885122,4.721710748,0.736225056,1.042816316,7.315078507,8.448080983,6.68093274,-32.62834023,-58.44766589,-79.14346684,-54.65656577,-10.20787844,-44.08188181,0.261557079,14.94769405,1
K908R,0.338071492,0.090131363,0.025712395,0.018542777,0.000340404,0.12592059,0.008013392,0.008226791,2.289601426,5.835550042,0.805834382,0.669352295,5.76032912,8.886047186,5.973324569,-24.15545131,-60.48847752,-77.41692349,-40.11498496,-33.73363659,-53.18424932,0.767252371,13.41913087,1
D997G,0.338071492,0.090131363,0.025712395,0.018542777,0.000340404,0.12592059,0.008013392,0.008226791,2.289601426,5.835550042,0.805834382,0.669352295,5.76032912,8.886047186,5.973324569,-24.15545131,-60.48847752,-77.41692349,-40.11498496,-33.73363659,-53.18424932,0.767252371,13.41913087,1
E999K,0.219905865,0.103016877,0.022709697,0.018706598,0.000327592,0.186221985,0.012032945,0.016700756,2.633007218,3.269816083,0.521608928,1.103321946,5.710325761,7.942118025,5.375708532,-34.87407383,-61.81584484,-77.46718309,-47.78385938,-36.20364477,-47.6787858,0.136670925,10.51277878,1
D1050V,0.367543728,0.164716238,0.016599039,0.019631779,0.000372463,0.109111007,0.003581432,0.006593426,2.765998024,6.318387923,0.788311852,0.717979924,6.016363782,8.477896449,14.78410018,-22.74194575,-52.76472778,-42.35905496,-40.23206151,-47.52438385,-55.36592107,2.467723878,8.751412442,1
E1153K,0.338071492,0.090131363,0.025712395,0.018542777,0.000340404,0.12592059,0.008013392,0.008226791,2.289601426,5.835550042,0.805834382,0.669352295,5.76032912,8.886047186,5.973324569,-24.15545131,-60.48847752,-77.41692349,-40.11498496,-33.73363659,-53.18424932,0.767252371,13.41913087,1
K1260E,0.338071492,0.090131363,0.025712395,0.018542777,0.000340404,0.12592059,0.008013392,0.008226791,2.289601426,5.835550042,0.805834382,0.669352295,5.76032912,8.886047186,5.973324569,-24.15545131,-60.48847752,-77.41692349,-40.11498496,-33.73363659,-53.18424932,0.767252371,13.41913087,1
K1260Q,0.275735365,0.121332842,0.028882151,0.008460238,0.000113268,0.103859714,0.009188632,0.016432026,2.452124598,5.057195258,0.717656129,0.048394309,5.865347721,6.950814145,4.501187939,-30.30791453,-58.91465521,-67.97367065,-45.08108659,-13.5122019,-54.58910111,1.652673451,14.97632659,1
R1319L,0.093492213,0.092066246,0.01574098,0.019054432,0.000133152,0.110656198,0.001975498,0.016217975,1.222269074,3.682760824,0.861751544,0.012973436,7.060832397,9.845773435,14.35339248,-33.29009494,-78.96640196,-70.98004353,-46.68797149,-23.06675631,-42.24088961,1.344933483,9.621872855,1
G1522A,0.263668417,0.05496087,0.023489059,0.018635869,0.000408349,0.168293255,0.005278451,0.010175772,1.684945167,6.268511236,0.858875292,0.12382344,5.305382453,8.116984979,11.045902,-29.66504948,-59.85414305,-79.47087125,-48.00934377,-29.97448923,-47.11164588,0.002934038,2.123548294,1
M1879T,0.182651639,0.149362263,0.016760401,0.011210171,0.000108187,0.135200119,0.004635077,0.001756427,1.672335576,6.875458863,0.801476517,0.363022501,5.772399964,8.459346321,0.690325516,-27.36299944,-54.22438073,-43.83075911,-31.91056484,-23.61006468,-41.03217099,2.838361395,14.16327047,1
E1880K,0.200085242,0.065666182,0.017467501,0.005503665,0.00043961,0.290265935,0.007730418,0.016697164,1.513770431,6.400117948,0.991324789,1.500226154,6.238565654,8.286753454,6.308516952,-22.96916563,-50.28037556,-78.48529757,-40.0936889,-10.84084473,-46.00645675,0.955028683,13.05746146,1
R1882L,0.175268766,0.05102312,0.020867443,0.018681087,0.000204657,0.024085462,0.006671428,0.022629417,2.628984908,6.207457288,0.514737038,1.665853087,4.84613959,7.620805015,2.590292884,-18.7384486,-45.66623155,-74.96733558,-35.14981833,-52.41828463,-56.74124136,0.625802459,14.19738753,1
R1882Q,0.247558237,0.079272142,0.02093349,0.000747286,0.0000152,0.048841308,0.006029841,0.028201711,2.647252587,6.047545103,0.675684937,0.969418653,5.616184883,8.220352402,14.04691054,-23.33004404,-53.50227732,-79.90360711,-35.09461558,-19.02944189,-40.3991371,0.725666581,13.32878404,1